id,modify_timestamp,database_name,orig_id,orig_table,type,value1,value2,value3,value4,value5,date_value,client,env,create_timestamp,entry_timestamp,updated_timestamp
11100,2015-11-06 13:40:17.207000000,SLVTN_WAREHOUSE_QA,3,dbo.config,ScmRevision,a6e2fe7640a40e0099345453d6669037d7f61f9c,The build version (ie. 4791),,,,2015-11-06 13:40:17.207000000,SLVTN,QA,2015-11-06 13:40:17.207000000,2015-11-09 11:57:16.990000000,2015-11-10 15:15:13.230000000
11101,2015-09-25 15:53:45.333000000,UCF_WAREHOUSE_QA,3,dbo.config,ScmRevision,af9074991906b9dd048b6c90d273b8895b78013a,The build version (ie. 4791),,,,2015-09-25 15:53:45.333000000,UCF,QA,2015-09-25 15:53:45.333000000,2015-09-25 15:56:40.473000000,2015-11-10 15:15:13.230000000
11102,2015-09-29 13:40:37.807000000,UCF_WAREHOUSE_UAT,3,dbo.config,ScmRevision,af9074991906b9dd048b6c90d273b8895b78013a,The build version (ie. 4791),,,,2015-09-29 13:40:37.807000000,UCF,UAT,2015-09-29 13:40:37.807000000,2015-10-05 11:37:18.840000000,2015-11-10 15:15:13.230000000
11103,2014-05-21 12:28:13.940000000,ONPOINT_WAREHOUSE_PRD,3,dbo.config,ScmRevision,AZR,The build version (ie. 4791),,,,2014-05-21 12:28:13.940000000,ONPOINT,PRD,2014-05-21 12:28:13.940000000,2015-08-06 10:40:14.070000000,2015-11-10 15:15:13.230000000
11104,2014-05-21 12:28:13.940000000,ONPOINT_WAREHOUSE_QA,3,dbo.config,ScmRevision,AZR,The build version (ie. 4791),,,,2014-05-21 12:28:13.940000000,ONPOINT,QA,2014-05-21 12:28:13.940000000,2015-08-06 10:40:33.867000000,2015-11-10 15:15:13.230000000
11105,2015-10-28 09:13:13.187000000,AHP_WAREHOUSE_DEV,3,dbo.config,ScmRevision,71755f5dcb9f7cf4ba259d88ca8b1451bc443b7a,The build version (ie. 4791),,,,2015-10-28 09:13:13.187000000,AHP,DEV,2015-10-28 09:13:13.187000000,2015-10-29 14:21:47.493000000,2015-11-10 15:15:13.230000000
11106,2015-10-28 10:23:17.287000000,SLVTN_WAREHOUSE_PRD,3,dbo.config,ScmRevision,7f62010d077d7410f7948468caff4444e0a40400,The build version (ie. 4791),,,,2015-10-28 10:23:17.287000000,SLVTN,PRD,2015-10-28 10:23:17.287000000,2015-10-29 14:21:20.073000000,2015-11-10 15:15:13.230000000
11107,2015-10-22 15:17:07.887000000,BIDCO_WAREHOUSE_PRD,3,dbo.config,ScmRevision,8058f7a252200490fdca52783397d8c86c51920e,The build version (ie. 4791),,,,2015-10-22 15:17:07.887000000,BIDCO,PRD,2015-10-22 15:17:07.887000000,2015-10-29 14:21:08.910000000,2015-11-10 15:15:13.230000000
11108,2015-11-05 11:21:10.807000000,BIDCO_WAREHOUSE_QA,3,dbo.config,ScmRevision,8058f7a252200490fdca52783397d8c86c51920e,The build version (ie. 4791),,,,2015-11-05 11:21:10.807000000,BIDCO,QA,2015-11-05 11:21:10.807000000,2015-11-09 11:57:51.457000000,2015-11-10 15:15:13.230000000
11109,2015-10-19 18:33:58.917000000,BIDCO_WAREHOUSE_DEV,3,dbo.config,ScmRevision,8f4b04dc60a3fbc07efaa3060d2ba3a37c109fff,The build version (ie. 4791),,,,2015-10-19 18:33:58.917000000,BIDCO,DEV,2015-10-19 18:33:58.917000000,2015-10-29 14:21:45.460000000,2015-11-10 15:15:13.230000000
11110,2015-11-03 16:20:23.427000000,XCLS_WAREHOUSE_PRD,3,dbo.config,ScmRevision,c11acd08d0c87f455bc8dae3bd3be6c4c46700fd,The build version (ie. 4791),,,,2015-11-03 16:20:23.427000000,XCLS,PRD,2015-11-03 16:20:23.427000000,2015-11-09 11:57:01.303000000,2015-11-10 15:15:13.230000000
11111,2015-11-03 15:37:44.093000000,XCLS_WAREHOUSE_UAT,3,dbo.config,ScmRevision,c11acd08d0c87f455bc8dae3bd3be6c4c46700fd,The build version (ie. 4791),,,,2015-11-03 15:37:44.093000000,XCLS,UAT,2015-11-03 15:37:44.093000000,2015-11-09 11:56:53.297000000,2015-11-10 15:15:13.230000000
11112,2015-11-04 17:24:49.433000000,AHP_WAREHOUSE_PRD,3,dbo.config,ScmRevision,d5d34e274ae1bf7c199833f6d3501d05253c1976,The build version (ie. 4791),,,,2015-11-04 17:24:49.433000000,AHP,PRD,2015-11-04 17:24:49.433000000,2015-11-09 11:56:55.237000000,2015-11-10 15:15:13.230000000
11113,2015-10-29 15:17:00.670000000,SLVTN_WAREHOUSE_UAT,3,dbo.config,ScmRevision,d6ac5966a716682ff928ef95acfa379b4b537f29,The build version (ie. 4791),,,,2015-10-29 15:17:00.670000000,SLVTN,UAT,2015-10-29 15:17:00.670000000,2015-11-09 11:57:20.770000000,2015-11-10 15:15:13.230000000
11114,2015-02-23 17:25:04.960000000,FDLS_WAREHOUSE_PRD,3,dbo.config,ScmRevision,d737aa8759e18428914903505dd08ed74d9c75b1,The build version (ie. 4791),,,,2015-02-23 17:25:04.960000000,FDLS,PRD,2015-02-23 17:25:04.960000000,2015-08-06 10:40:12.713000000,2015-11-10 15:15:13.230000000
11115,2015-02-19 16:39:39.090000000,FDLS_WAREHOUSE_UAT,3,dbo.config,ScmRevision,d737aa8759e18428914903505dd08ed74d9c75b1,The build version (ie. 4791),,,,2015-02-19 16:39:39.090000000,FDLS,UAT,2015-02-19 16:39:39.090000000,2015-08-06 10:40:04.993000000,2015-11-10 15:15:13.230000000
11116,2015-10-06 16:37:20.267000000,UCF_WAREHOUSE_DEV,3,dbo.config,ScmRevision,db6f3060d23612f2522a88778dc0d28f50424260,The build version (ie. 4791),,,,2015-10-06 16:37:20.267000000,UCF,DEV,2015-10-06 16:37:20.267000000,2015-10-08 09:58:23.240000000,2015-11-10 15:15:13.230000000
11117,2015-11-06 14:38:15.630000000,CHPW_WAREHOUSE_QA,3,dbo.config,ScmRevision,fdf8bea6165847683f4c9bd96468003322c22926,The build version (ie. 4791),,,,2015-11-06 14:38:15.630000000,CHPW,QA,2015-11-06 14:38:15.630000000,2015-11-09 11:57:11.827000000,2015-11-10 15:15:13.230000000
11118,2015-11-05 13:17:49.193000000,AHP_WAREHOUSE_QA,3,dbo.config,ScmRevision,272824bc405c9b03f102a95cb2b3ba4dcb825a7c,Client Repository SHA commit,,,,2015-11-05 13:17:49.193000000,AHP,QA,2015-11-05 13:17:49.193000000,2015-11-09 11:57:57.547000000,2015-11-10 15:15:13.230000000
11119,2015-11-02 11:11:40.163000000,VCA_WAREHOUSE_QA,3,dbo.config,ScmRevision,392b25feac7d80f7d6b43fd65b046200d9185441,Client Repository SHA commit,,,,2015-11-02 11:11:40.163000000,VCA,QA,2015-11-02 11:11:40.163000000,2015-11-09 11:58:16.583000000,2015-11-10 15:15:13.230000000
11120,2015-11-04 17:21:09.887000000,VCA_WAREHOUSE_DEV,3,dbo.config,ScmRevision,536ad3f6ea3d2345c738732b45528831e4ad6e1a,Client Repository SHA commit,,,,2015-11-04 17:21:09.887000000,VCA,DEV,2015-11-04 17:21:09.887000000,2015-11-09 11:57:41.663000000,2015-11-10 15:15:13.230000000
11121,2015-11-03 19:26:43.803000000,CHPW_WAREHOUSE_DEV,3,dbo.config,ScmRevision,5b10f586acd2fbe456f13af54d7070a2e4059867,Client Repository SHA commit,,,,2015-11-03 19:26:43.803000000,CHPW,DEV,2015-11-03 19:26:43.803000000,2015-11-09 11:57:07.907000000,2015-11-10 15:15:13.230000000
11122,2015-10-15 12:11:06.910000000,CCCN_WAREHOUSE_UAT,3,dbo.config,ScmRevision,624ed66b1e2deba73c57b961f5e836acf0de4164,Client Repository SHA commit,,,,2015-10-15 12:11:06.910000000,CCCN,UAT,2015-10-15 12:11:06.910000000,2015-10-15 12:14:14.010000000,2015-11-10 15:15:13.230000000
11123,2015-10-20 11:47:35.437000000,CCCN_WAREHOUSE_DEV,3,dbo.config,ScmRevision,6d01e842e432321bd629cd5e092b48952c15718b,Client Repository SHA commit,,,,2015-10-20 11:47:35.437000000,CCCN,DEV,2015-10-20 11:47:35.437000000,2015-10-29 14:21:29.243000000,2015-11-10 15:15:13.230000000
11124,2015-10-20 12:45:37.527000000,CCCN_WAREHOUSE_QA,3,dbo.config,ScmRevision,6d01e842e432321bd629cd5e092b48952c15718b,Client Repository SHA commit,,,,2015-10-20 12:45:37.527000000,CCCN,QA,2015-10-20 12:45:37.527000000,2015-10-29 14:21:35.103000000,2015-11-10 15:15:13.230000000
11125,2015-10-29 14:06:52.433000000,FHN_WAREHOUSE_PRD,3,dbo.config,ScmRevision,b2432aeac2771be136fb289064858dc44c2eb936,Client Repository SHA commit,,,,2015-10-29 14:06:52.433000000,FHN,PRD,2015-10-29 14:06:52.433000000,2015-10-29 14:21:13.700000000,2015-11-10 15:15:13.230000000
11126,2015-10-23 14:19:32.087000000,FHN_WAREHOUSE_UAT,3,dbo.config,ScmRevision,b2432aeac2771be136fb289064858dc44c2eb936,Client Repository SHA commit,,,,2015-10-23 14:19:32.087000000,FHN,UAT,2015-10-23 14:19:32.087000000,2015-10-29 14:21:05.370000000,2015-11-10 15:15:13.230000000
11127,2015-10-20 14:15:02.643000000,FHN_WAREHOUSE_QA,3,dbo.config,ScmRevision,b9aa6d61a702e546f4aeb0bf74a5c8e3a6a77eae,Client Repository SHA commit,,,,2015-10-20 14:15:02.643000000,FHN,QA,2015-10-20 14:15:02.643000000,2015-10-29 14:22:25.223000000,2015-11-10 15:15:13.230000000
11128,2015-11-03 19:08:12.387000000,FHN_WAREHOUSE_DEV,3,dbo.config,ScmRevision,eb1fe39a0f5c5ff74718d1a9b8d2441d174ac668,Client Repository SHA commit,,,,2015-11-03 19:08:12.387000000,FHN,DEV,2015-11-03 19:08:12.387000000,2015-11-09 11:57:29.380000000,2015-11-10 15:15:13.230000000
11129,2015-11-06 14:53:40.387000000,XCLS_WAREHOUSE_QA,3,dbo.config,ScmRevision,ed4742965836f14dc0bb3e8de69346d39dd730b8,Client Repository SHA commit,,,,2015-11-06 14:53:40.387000000,XCLS,QA,2015-11-06 14:53:40.387000000,2015-11-09 11:58:19.160000000,2015-11-10 15:15:13.230000000
11130,2015-10-28 09:46:10.953000000,XCLS_WAREHOUSE_DEV,3,dbo.config,ScmRevision,0cbbd52b0a8c10e4d5d340ff921e820c919e9690,The build version (ie. 4791),,,,2015-10-28 09:46:10.953000000,XCLS,DEV,2015-10-28 09:46:10.953000000,2015-10-29 14:22:07.033000000,2015-11-10 15:15:13.230000000
11131,2015-08-25 13:14:16.313000000,CCCN_WAREHOUSE_PRD,3,dbo.config,ScmRevision,11092f6ac08194857fbb53f3a3601c37cdf52de6,The build version (ie. 4791),,,,2015-08-25 13:14:16.313000000,CCCN,PRD,2015-08-25 13:14:16.313000000,2015-08-25 13:43:38.007000000,2015-11-10 15:15:13.230000000
11132,2015-07-22 14:36:15.620000000,UCF_WAREHOUSE_PRD,3,dbo.config,ScmRevision,27ade55529250034e55e3ec1ec922d396a26d4d7,The build version (ie. 4791),,,,2015-07-22 14:36:15.620000000,UCF,PRD,2015-07-22 14:36:15.620000000,2015-08-06 10:40:14.277000000,2015-11-10 15:15:13.230000000
11133,2015-11-03 16:34:29.717000000,AHP_WAREHOUSE_UAT,3,dbo.config,ScmRevision,28900b7a6896b679fdafa89d80dd22d22cd4336d,The build version (ie. 4791),,,,2015-11-03 16:34:29.717000000,AHP,UAT,2015-11-03 16:34:29.717000000,2015-11-09 11:56:48.083000000,2015-11-10 15:15:13.230000000
11134,2015-08-04 16:58:11.400000000,ONPT_WAREHOUSE_DEV,3,dbo.config,ScmRevision,3830aaaa7cf9336a98b49fbf85267acc86a99428,The build version (ie. 4791),,,,2015-08-04 16:58:11.400000000,ONPT,DEV,2015-08-04 16:58:11.400000000,2015-08-06 10:40:26.063000000,2015-11-10 15:15:13.230000000
11135,2015-10-28 10:18:11.530000000,CHPW_WAREHOUSE_PRD,3,dbo.config,ScmRevision,557ceb1eaebbcbc7cd839a56d2563c8b201a1f95,The build version (ie. 4791),,,,2015-10-28 10:18:11.530000000,CHPW,PRD,2015-10-28 10:18:11.530000000,2015-10-29 14:21:22.510000000,2015-11-10 15:15:13.230000000
11136,2015-10-28 13:10:17.460000000,CHPW_WAREHOUSE_UAT,3,dbo.config,ScmRevision,557ceb1eaebbcbc7cd839a56d2563c8b201a1f95,The build version (ie. 4791),,,,2015-10-28 13:10:17.460000000,CHPW,UAT,2015-10-28 13:10:17.460000000,2015-10-29 14:21:39.843000000,2015-11-10 15:15:13.230000000
11137,2015-07-20 15:47:16.113000000,FDLS_WAREHOUSE_DEV,3,dbo.config,ScmRevision,5a284a7fe0fa11c79dce3c7fb3375b85bf5df780,The build version (ie. 4791),,,,2015-07-20 15:47:16.113000000,FDLS,DEV,2015-07-20 15:47:16.113000000,2015-08-06 10:40:25.290000000,2015-11-10 15:15:13.230000000
11138,2015-07-21 12:43:31.870000000,FDLS_WAREHOUSE_QA,3,dbo.config,ScmRevision,5a284a7fe0fa11c79dce3c7fb3375b85bf5df780,The build version (ie. 4791),,,,2015-07-21 12:43:31.870000000,FDLS,QA,2015-07-21 12:43:31.870000000,2015-08-06 10:40:31.030000000,2015-11-10 15:15:13.230000000
11139,2015-10-08 11:51:24.137000000,CCCN_WAREHOUSE_DEV,26,dbo.config,coreRevision,v4.8.2,Branch name (tag) for core repository,9,,,2015-10-08 11:51:24.137000000,CCCN,DEV,2015-10-08 11:51:24.137000000,2015-10-12 10:40:37.743000000,2015-11-10 15:15:13.230000000
11140,2015-10-09 14:21:43.230000000,CCCN_WAREHOUSE_QA,4,dbo.config,coreRevision,v4.8.2,Branch name (tag) for core repository,9,,,2015-10-09 14:21:43.230000000,CCCN,QA,2015-10-09 14:21:43.230000000,2015-10-12 10:40:44.377000000,2015-11-10 15:15:13.230000000
11141,2015-10-14 11:06:49.750000000,CCCN_WAREHOUSE_UAT,4,dbo.config,coreRevision,v4.8.2,Branch name (tag) for core repository,9,,,2015-10-14 11:06:49.750000000,CCCN,UAT,2015-10-14 11:06:49.750000000,2015-10-14 14:46:47.673000000,2015-11-10 15:15:13.230000000
11174,2015-10-14 10:16:55.193000000,XCLS_WAREHOUSE_UAT,4,dbo.config,coreRevision,v4.7.8,Source control revision for core repository,7,,,2015-10-14 10:16:55.193000000,XCLS,UAT,2015-10-14 10:16:55.193000000,2015-10-14 14:46:44.883000000,2015-11-10 15:15:13.230000000
11175,2015-11-06 13:37:00.660000000,SLVTN_WAREHOUSE_QA,4,dbo.config,coreRevision,v4.7.9,Source control revision for core repository,8,,,2015-11-06 13:37:00.660000000,SLVTN,QA,2015-11-06 13:37:00.660000000,2015-11-09 11:57:16.990000000,2015-11-10 15:15:13.230000000
11176,2015-11-03 15:43:10.940000000,SLVTN_WAREHOUSE_DEV,3,dbo.config,ScmRevision,ba27072ac441c8c517397f21df3d356236511516,The build version (ie. 4791),,,,2015-11-03 15:43:10.940000000,SLVTN,DEV,2015-11-03 15:43:10.940000000,2015-11-10 15:15:12.140000000,2015-11-10 15:15:13.230000000
11177,2015-11-03 15:38:52.360000000,SLVTN_WAREHOUSE_DEV,26,dbo.config,coreRevision,v4.7.9,Source control revision for core repository,8,,,2015-11-03 15:38:52.360000000,SLVTN,DEV,2015-11-03 15:38:52.360000000,2015-11-10 15:15:12.140000000,2015-11-10 15:15:13.230000000
11039,2015-11-10 15:15:13.170000000,ACP Nightly Job DEV,,nightly job,previous run,Cancelled,30 Load Event,0,20151109,45,2015-11-10 15:15:13.170000000,ACP,DEV,2015-11-10 15:15:13.170000000,2015-11-10 15:15:13.210000000,2015-11-10 15:15:13.210000000
11040,2015-11-10 15:15:13.170000000,ACP Nightly Job PRD,,nightly job,previous run,Success,45 StartClientBackupJob,0,20150821,45,2015-11-10 15:15:13.170000000,ACP,PRD,2015-11-10 15:15:13.170000000,2015-11-10 15:15:13.210000000,2015-11-10 15:15:13.210000000
11041,2015-11-10 15:15:13.170000000,ACP Nightly Job QA,,nightly job,previous run,Success,45 StartClientBackupJob,0,20150819,45,2015-11-10 15:15:13.170000000,ACP,QA,2015-11-10 15:15:13.170000000,2015-11-10 15:15:13.210000000,2015-11-10 15:15:13.210000000
11042,2015-11-10 15:15:13.170000000,ACP Nightly Job UAT,,nightly job,previous run,Success,45 StartClientBackupJob,0,20150819,45,2015-11-10 15:15:13.170000000,ACP,UAT,2015-11-10 15:15:13.170000000,2015-11-10 15:15:13.210000000,2015-11-10 15:15:13.210000000
11043,2015-11-10 15:15:13.170000000,AHP Nightly Job DEV,,nightly job,failed,Failed,45 Report job errors,1,20151110,45,2015-11-10 15:15:13.170000000,AHP,DEV,2015-11-10 15:15:13.170000000,2015-11-10 15:15:13.210000000,2015-11-10 15:15:13.210000000
11044,2015-11-10 15:15:13.170000000,AHP Nightly Job PRD,,nightly job,failed,Failed,45 Report job errors,1,20151110,45,2015-11-10 15:15:13.170000000,AHP,PRD,2015-11-10 15:15:13.170000000,2015-11-10 15:15:13.210000000,2015-11-10 15:15:13.210000000
11045,2015-11-10 15:15:13.170000000,AHP Nightly Job QA,,nightly job,failed,Failed,50 Report job errors,1,20151110,50,2015-11-10 15:15:13.170000000,AHP,QA,2015-11-10 15:15:13.170000000,2015-11-10 15:15:13.210000000,2015-11-10 15:15:13.210000000
11046,2015-11-10 15:15:13.170000000,AHP Nightly Job UAT,,nightly job,last step,Success,45 Report job errors,1,20151110,45,2015-11-10 15:15:13.170000000,AHP,UAT,2015-11-10 15:15:13.170000000,2015-11-10 15:15:13.210000000,2015-11-10 15:15:13.210000000
11047,2015-11-10 15:15:13.170000000,AHP Nightly Job UAT,,nightly job,failed step,Failed,38 Trigger for Measure Processing Deleted Persons,1,20151110,45,2015-11-10 15:15:13.170000000,AHP,UAT,2015-11-10 15:15:13.170000000,2015-11-10 15:15:13.210000000,2015-11-10 15:15:13.210000000
11048,2015-11-10 15:15:13.170000000,AXBRO Nightly Job DEV,,nightly job,previous run,Success,44 Report job errors,0,20151016,44,2015-11-10 15:15:13.170000000,AXBRO,DEV,2015-11-10 15:15:13.170000000,2015-11-10 15:15:13.210000000,2015-11-10 15:15:13.210000000
11049,2015-11-10 15:15:13.170000000,AXBRO Nightly Job QA,,nightly job,previous run,Failed,44 Report job errors,0,20151016,44,2015-11-10 15:15:13.170000000,AXBRO,QA,2015-11-10 15:15:13.170000000,2015-11-10 15:15:13.210000000,2015-11-10 15:15:13.210000000
11050,2015-11-10 15:15:13.170000000,AXBRO Nightly Job UAT,,nightly job,previous run,Success,45 Report job errors,0,20151014,45,2015-11-10 15:15:13.170000000,AXBRO,UAT,2015-11-10 15:15:13.170000000,2015-11-10 15:15:13.210000000,2015-11-10 15:15:13.210000000
11051,2015-11-10 15:15:13.170000000,BIDCO Nightly Job DEV,,nightly job,previous run,Success,7 Delete Inactive Patients,0,20151029,47,2015-11-10 15:15:13.170000000,BIDCO,DEV,2015-11-10 15:15:13.170000000,2015-11-10 15:15:13.210000000,2015-11-10 15:15:13.210000000
11052,2015-11-10 15:15:13.170000000,BIDCO Nightly Job PRD,,nightly job,previous run,Success,47 Report job errors,0,20151109,47,2015-11-10 15:15:13.170000000,BIDCO,PRD,2015-11-10 15:15:13.170000000,2015-11-10 15:15:13.210000000,2015-11-10 15:15:13.210000000
11053,2015-11-10 15:15:13.170000000,BIDCO Nightly Job QA,,nightly job,previous run,Retry,14 Load Maintenance,0,20151107,47,2015-11-10 15:15:13.170000000,BIDCO,QA,2015-11-10 15:15:13.170000000,2015-11-10 15:15:13.210000000,2015-11-10 15:15:13.210000000
11054,2015-11-10 15:15:13.170000000,CCCN Nightly Job DEV,,nightly job,previous run,Failed,47 Report job errors,0,20151107,47,2015-11-10 15:15:13.170000000,CCCN,DEV,2015-11-10 15:15:13.170000000,2015-11-10 15:15:13.210000000,2015-11-10 15:15:13.210000000
11055,2015-11-10 15:15:13.170000000,CCCN Nightly Job PRD,,nightly job,failed,Failed,2 Informatica Load,1,20151110,35,2015-11-10 15:15:13.170000000,CCCN,PRD,2015-11-10 15:15:13.170000000,2015-11-10 15:15:13.210000000,2015-11-10 15:15:13.210000000
11056,2015-11-10 15:15:13.170000000,CCCN Nightly Job QA,,nightly job,last step,Success,35 Update Warehouse DB Stats,1,20151110,47,2015-11-10 15:15:13.170000000,CCCN,QA,2015-11-10 15:15:13.170000000,2015-11-10 15:15:13.210000000,2015-11-10 15:15:13.210000000
11057,2015-11-10 15:15:13.170000000,CCCN Nightly Job QA,,nightly job,failed step,Failed,2 Informatica Load,1,20151110,47,2015-11-10 15:15:13.170000000,CCCN,QA,2015-11-10 15:15:13.170000000,2015-11-10 15:15:13.210000000,2015-11-10 15:15:13.210000000
11058,2015-11-10 15:15:13.170000000,CCCN Nightly Job UAT,,nightly job,last step,Success,35 Update Warehouse DB Stats,1,20151110,47,2015-11-10 15:15:13.170000000,CCCN,UAT,2015-11-10 15:15:13.170000000,2015-11-10 15:15:13.210000000,2015-11-10 15:15:13.210000000
11059,2015-11-10 15:15:13.170000000,CHPW Nightly Job DEV,,nightly job,previous run,Success,41 Deleted Person and Patient,0,20151108,45,2015-11-10 15:15:13.170000000,CHPW,DEV,2015-11-10 15:15:13.170000000,2015-11-10 15:15:13.210000000,2015-11-10 15:15:13.210000000
11060,2015-11-10 15:15:13.170000000,CHPW Nightly Job PRD,,nightly job,failed,Failed,45 Report job errors,1,20151110,45,2015-11-10 15:15:13.170000000,CHPW,PRD,2015-11-10 15:15:13.170000000,2015-11-10 15:15:13.210000000,2015-11-10 15:15:13.210000000
11061,2015-11-10 15:15:13.170000000,CHPW Nightly Job QA,,nightly job,previous run,Success,39 Deleted Person and Patient,0,20151108,44,2015-11-10 15:15:13.170000000,CHPW,QA,2015-11-10 15:15:13.170000000,2015-11-10 15:15:13.210000000,2015-11-10 15:15:13.210000000
11062,2015-11-10 15:15:13.170000000,CHPW Nightly Job UAT,,nightly job,failed,Failed,45 Report job errors,1,20151110,45,2015-11-10 15:15:13.170000000,CHPW,UAT,2015-11-10 15:15:13.170000000,2015-11-10 15:15:13.210000000,2015-11-10 15:15:13.210000000
11063,2015-11-10 15:15:13.170000000,FDLS Nightly Job DEV,,nightly job,previous run,Failed,32 Report job errors,0,20151013,32,2015-11-10 15:15:13.170000000,FDLS,DEV,2015-11-10 15:15:13.170000000,2015-11-10 15:15:13.210000000,2015-11-10 15:15:13.210000000
11064,2015-11-10 15:15:13.170000000,FDLS Nightly Job QA,,nightly job,previous run,Failed,19 Populate Attribution,0,20150821,32,2015-11-10 15:15:13.170000000,FDLS,QA,2015-11-10 15:15:13.170000000,2015-11-10 15:15:13.210000000,2015-11-10 15:15:13.210000000
11065,2015-11-10 15:15:13.170000000,FHN Nightly Job DEV,,nightly job,previous run,Success,45 Report job errors,0,20150926,45,2015-11-10 15:15:13.170000000,FHN,DEV,2015-11-10 15:15:13.170000000,2015-11-10 15:15:13.210000000,2015-11-10 15:15:13.210000000
11066,2015-11-10 15:15:13.170000000,FHN Nightly Job PRD,,nightly job,last step,Success,35 Update Warehouse DB Stats,1,20151110,46,2015-11-10 15:15:13.170000000,FHN,PRD,2015-11-10 15:15:13.170000000,2015-11-10 15:15:13.210000000,2015-11-10 15:15:13.210000000
11067,2015-11-10 15:15:13.170000000,FHN Nightly Job QA,,nightly job,last step,Success,35 Update Warehouse DB Stats,1,20151110,46,2015-11-10 15:15:13.170000000,FHN,QA,2015-11-10 15:15:13.170000000,2015-11-10 15:15:13.210000000,2015-11-10 15:15:13.210000000
11068,2015-11-10 15:15:13.170000000,FHN Nightly Job QA,,nightly job,failed step,Failed,2 Informatica Load,1,20151110,46,2015-11-10 15:15:13.170000000,FHN,QA,2015-11-10 15:15:13.170000000,2015-11-10 15:15:13.210000000,2015-11-10 15:15:13.210000000
11069,2015-11-10 15:15:13.170000000,FHN Nightly Job UAT,,nightly job,previous run,Success,45 Report job errors,0,20150924,45,2015-11-10 15:15:13.170000000,FHN,UAT,2015-11-10 15:15:13.170000000,2015-11-10 15:15:13.210000000,2015-11-10 15:15:13.210000000
11070,2015-11-10 15:15:13.170000000,LHCQF Nightly Job DEV,,nightly job,previous run,Cancelled,6 Update Staging DB Stats,0,20151105,49,2015-11-10 15:15:13.170000000,LHCQF,DEV,2015-11-10 15:15:13.170000000,2015-11-10 15:15:13.210000000,2015-11-10 15:15:13.210000000
11071,2015-11-10 15:15:13.170000000,LHCQF Nightly Job PRD,,nightly job,last step,Success,49 Report job errors,1,20151110,49,2015-11-10 15:15:13.170000000,LHCQF,PRD,2015-11-10 15:15:13.170000000,2015-11-10 15:15:13.210000000,2015-11-10 15:15:13.210000000
11072,2015-11-10 15:15:13.170000000,LHCQF Nightly Job PRD,,nightly job,failed step,Failed,42 Trigger for Measure Processing Deleted Persons,1,20151110,49,2015-11-10 15:15:13.170000000,LHCQF,PRD,2015-11-10 15:15:13.170000000,2015-11-10 15:15:13.210000000,2015-11-10 15:15:13.210000000
11073,2015-11-10 15:15:13.170000000,LHCQF Nightly Job QA,,nightly job,last step,Success,47 StartClientBackupJob,1,20151110,47,2015-11-10 15:15:13.170000000,LHCQF,QA,2015-11-10 15:15:13.170000000,2015-11-10 15:15:13.210000000,2015-11-10 15:15:13.210000000
11074,2015-11-10 15:15:13.170000000,LHCQF Nightly Job QA,,nightly job,failed step,Failed,41 Trigger for Measure Processing Deleted Persons,1,20151110,47,2015-11-10 15:15:13.170000000,LHCQF,QA,2015-11-10 15:15:13.170000000,2015-11-10 15:15:13.210000000,2015-11-10 15:15:13.210000000
11075,2015-11-10 15:15:13.170000000,LHCQF Nightly Job UAT,,nightly job,failed,Failed,49 Report job errors,1,20151110,49,2015-11-10 15:15:13.170000000,LHCQF,UAT,2015-11-10 15:15:13.170000000,2015-11-10 15:15:13.210000000,2015-11-10 15:15:13.210000000
11076,2015-11-10 15:15:13.170000000,MEMS Nightly Job DEV,,nightly job,previous run,Success,28 Update Provider In Events,0,20151029,45,2015-11-10 15:15:13.170000000,MEMS,DEV,2015-11-10 15:15:13.170000000,2015-11-10 15:15:13.210000000,2015-11-10 15:15:13.210000000
11077,2015-11-10 15:15:13.170000000,MEMS Nightly Job PRD,,nightly job,previous run,Success,45 StartClientBackupJob,0,20150821,45,2015-11-10 15:15:13.170000000,MEMS,PRD,2015-11-10 15:15:13.170000000,2015-11-10 15:15:13.210000000,2015-11-10 15:15:13.210000000
11078,2015-11-10 15:15:13.170000000,MEMS Nightly Job QA,,nightly job,previous run,Success,45 StartClientBackupJob,0,20150819,45,2015-11-10 15:15:13.170000000,MEMS,QA,2015-11-10 15:15:13.170000000,2015-11-10 15:15:13.210000000,2015-11-10 15:15:13.210000000
11079,2015-11-10 15:15:13.170000000,MEMS Nightly Job UAT,,nightly job,previous run,Success,45 StartClientBackupJob,0,20150819,45,2015-11-10 15:15:13.170000000,MEMS,UAT,2015-11-10 15:15:13.170000000,2015-11-10 15:15:13.210000000,2015-11-10 15:15:13.210000000
11080,2015-11-10 15:15:13.170000000,SLVTN Nightly Job DEV,,nightly job,previous run,Failed,17 Check Cutoff Time,0,20151106,46,2015-11-10 15:15:13.170000000,SLVTN,DEV,2015-11-10 15:15:13.170000000,2015-11-10 15:15:13.210000000,2015-11-10 15:15:13.210000000
11081,2015-11-10 15:15:13.170000000,SLVTN Nightly Job PRD,,nightly job,last step,Success,46 Report job errors,1,20151110,46,2015-11-10 15:15:13.170000000,SLVTN,PRD,2015-11-10 15:15:13.170000000,2015-11-10 15:15:13.210000000,2015-11-10 15:15:13.210000000
11082,2015-11-10 15:15:13.170000000,SLVTN Nightly Job PRD,,nightly job,failed step,Failed,38 Trigger for Measure Processing Deleted Persons,1,20151110,46,2015-11-10 15:15:13.170000000,SLVTN,PRD,2015-11-10 15:15:13.170000000,2015-11-10 15:15:13.210000000,2015-11-10 15:15:13.210000000
11083,2015-11-10 15:15:13.170000000,SLVTN Nightly Job QA,,nightly job,last step,Success,46 Report job errors,1,20151110,46,2015-11-10 15:15:13.170000000,SLVTN,QA,2015-11-10 15:15:13.170000000,2015-11-10 15:15:13.210000000,2015-11-10 15:15:13.210000000
11084,2015-11-10 15:15:13.170000000,SLVTN Nightly Job QA,,nightly job,failed step,Failed,38 Trigger for Measure Processing Deleted Persons,1,20151110,46,2015-11-10 15:15:13.170000000,SLVTN,QA,2015-11-10 15:15:13.170000000,2015-11-10 15:15:13.210000000,2015-11-10 15:15:13.210000000
11085,2015-11-10 15:15:13.170000000,SLVTN Nightly Job UAT,,nightly job,previous run,Success,46 Report job errors,0,20151109,46,2015-11-10 15:15:13.170000000,SLVTN,UAT,2015-11-10 15:15:13.170000000,2015-11-10 15:15:13.210000000,2015-11-10 15:15:13.210000000
11086,2015-11-10 15:15:13.170000000,UCF Nightly Job DEV,,nightly job,previous run,Success,45 Report job errors,0,20151105,45,2015-11-10 15:15:13.170000000,UCF,DEV,2015-11-10 15:15:13.170000000,2015-11-10 15:15:13.210000000,2015-11-10 15:15:13.210000000
11087,2015-11-10 15:15:13.170000000,UCF Nightly Job QA,,nightly job,previous run,Cancelled,2 Informatica Load,0,20150925,44,2015-11-10 15:15:13.170000000,UCF,QA,2015-11-10 15:15:13.170000000,2015-11-10 15:15:13.210000000,2015-11-10 15:15:13.210000000
11088,2015-11-10 15:15:13.170000000,UCF Nightly Job UAT,,nightly job,failed,Failed,45 Report job errors,1,20151110,45,2015-11-10 15:15:13.170000000,UCF,UAT,2015-11-10 15:15:13.170000000,2015-11-10 15:15:13.210000000,2015-11-10 15:15:13.210000000
11089,2015-11-10 15:15:13.170000000,VCA Nightly Job DEV,,nightly job,previous run,Retry,13 Load Result,0,20151028,46,2015-11-10 15:15:13.170000000,VCA,DEV,2015-11-10 15:15:13.170000000,2015-11-10 15:15:13.210000000,2015-11-10 15:15:13.210000000
11090,2015-11-10 15:15:13.170000000,VCA Nightly Job PRD,,nightly job,previous run,Success,35 Update Warehouse DB Stats,0,20151029,46,2015-11-10 15:15:13.170000000,VCA,PRD,2015-11-10 15:15:13.170000000,2015-11-10 15:15:13.210000000,2015-11-10 15:15:13.210000000
11091,2015-11-10 15:15:13.170000000,VCA Nightly Job QA,,nightly job,last step,Success,46 Report job errors,1,20151110,46,2015-11-10 15:15:13.170000000,VCA,QA,2015-11-10 15:15:13.170000000,2015-11-10 15:15:13.210000000,2015-11-10 15:15:13.210000000
11092,2015-11-10 15:15:13.170000000,VCA Nightly Job QA,,nightly job,failed step,Failed,39 Trigger for Measure Processing Deleted Persons,1,20151110,46,2015-11-10 15:15:13.170000000,VCA,QA,2015-11-10 15:15:13.170000000,2015-11-10 15:15:13.210000000,2015-11-10 15:15:13.210000000
11093,2015-11-10 15:15:13.170000000,VCA Nightly Job UAT,,nightly job,previous run,Failed,46 Report job errors,0,20151027,46,2015-11-10 15:15:13.170000000,VCA,UAT,2015-11-10 15:15:13.170000000,2015-11-10 15:15:13.210000000,2015-11-10 15:15:13.210000000
11094,2015-11-10 15:15:13.170000000,XCLS Nightly Job DEV,,nightly job,failed,Cancelled,36 Measure Processing,1,20151110,46,2015-11-10 15:15:13.170000000,XCLS,DEV,2015-11-10 15:15:13.170000000,2015-11-10 15:15:13.210000000,2015-11-10 15:15:13.210000000
11095,2015-11-10 15:15:13.170000000,XCLS Nightly Job PRD,,nightly job,last step,Success,35 Update Warehouse DB Stats,1,20151110,46,2015-11-10 15:15:13.170000000,XCLS,PRD,2015-11-10 15:15:13.170000000,2015-11-10 15:15:13.210000000,2015-11-10 15:15:13.210000000
11096,2015-11-10 15:15:13.170000000,XCLS Nightly Job PRD,,nightly job,failed step,Failed,2 Informatica Load,1,20151110,46,2015-11-10 15:15:13.170000000,XCLS,PRD,2015-11-10 15:15:13.170000000,2015-11-10 15:15:13.210000000,2015-11-10 15:15:13.210000000
11097,2015-11-10 15:15:13.170000000,XCLS Nightly Job QA,,nightly job,failed,Cancelled,5 Patient/Enc Scrub,1,20151110,46,2015-11-10 15:15:13.170000000,XCLS,QA,2015-11-10 15:15:13.170000000,2015-11-10 15:15:13.210000000,2015-11-10 15:15:13.210000000
11098,2015-11-10 15:15:13.170000000,XCLS Nightly Job QA,,nightly job,failed step,Failed,2 Informatica Load,1,20151110,46,2015-11-10 15:15:13.170000000,XCLS,QA,2015-11-10 15:15:13.170000000,2015-11-10 15:15:13.210000000,2015-11-10 15:15:13.210000000
11099,2015-11-10 15:15:13.170000000,XCLS Nightly Job UAT,,nightly job,failed,Failed,46 Report job errors,1,20151110,46,2015-11-10 15:15:13.170000000,XCLS,UAT,2015-11-10 15:15:13.170000000,2015-11-10 15:15:13.210000000,2015-11-10 15:15:13.210000000
11142,2015-10-29 14:04:05.857000000,FHN_WAREHOUSE_PRD,4,dbo.config,coreRevision,v4.8.2,Branch name (tag) for core repository,9,,,2015-10-29 14:04:05.857000000,FHN,PRD,2015-10-29 14:04:05.857000000,2015-10-29 14:21:13.700000000,2015-11-10 15:15:13.230000000
11143,2015-10-20 14:10:44.420000000,FHN_WAREHOUSE_QA,4,dbo.config,coreRevision,v4.8.2,Branch name (tag) for core repository,9,,,2015-10-20 14:10:44.420000000,FHN,QA,2015-10-20 14:10:44.420000000,2015-10-29 14:22:25.223000000,2015-11-10 15:15:13.230000000
11144,2015-10-23 14:17:30.150000000,FHN_WAREHOUSE_UAT,4,dbo.config,coreRevision,v4.8.2,Branch name (tag) for core repository,9,,,2015-10-23 14:17:30.150000000,FHN,UAT,2015-10-23 14:17:30.150000000,2015-10-29 14:21:05.370000000,2015-11-10 15:15:13.230000000
11145,2015-10-08 16:37:56.953000000,VCA_WAREHOUSE_QA,4,dbo.config,coreRevision,v4.8.2,Branch name (tag) for core repository,9,,,2015-10-08 16:37:56.953000000,VCA,QA,2015-10-08 16:37:56.953000000,2015-10-12 10:41:40.550000000,2015-11-10 15:15:13.230000000
11146,2015-11-03 17:15:22.550000000,AHP_WAREHOUSE_QA,4,dbo.config,coreRevision,v4.9.0-rc.1,Branch name (tag) for core repository,10,,,2015-11-03 17:15:22.550000000,AHP,QA,2015-11-03 17:15:22.550000000,2015-11-09 11:57:57.547000000,2015-11-10 15:15:13.230000000
11147,2015-11-03 18:58:57.423000000,CHPW_WAREHOUSE_DEV,4,dbo.config,coreRevision,v4.9.0-rc.1,Branch name (tag) for core repository,10,,,2015-11-03 18:58:57.423000000,CHPW,DEV,2015-11-03 18:58:57.423000000,2015-11-09 11:57:07.907000000,2015-11-10 15:15:13.230000000
11148,2015-11-03 18:44:38.497000000,FHN_WAREHOUSE_DEV,4,dbo.config,coreRevision,v4.9.0-rc.1,Branch name (tag) for core repository,10,,,2015-11-03 18:44:38.497000000,FHN,DEV,2015-11-03 18:44:38.497000000,2015-11-09 11:57:29.380000000,2015-11-10 15:15:13.230000000
11149,2015-11-04 12:36:48.900000000,VCA_WAREHOUSE_DEV,4,dbo.config,coreRevision,v4.9.0-rc.1,Branch name (tag) for core repository,10,,,2015-11-04 12:36:48.900000000,VCA,DEV,2015-11-04 12:36:48.900000000,2015-11-09 11:57:41.663000000,2015-11-10 15:15:13.230000000
11150,2015-11-06 14:16:09.930000000,XCLS_WAREHOUSE_QA,4,dbo.config,coreRevision,v4.9.0-rc.1,Branch name (tag) for core repository,10,,,2015-11-06 14:16:09.930000000,XCLS,QA,2015-11-06 14:16:09.930000000,2015-11-09 11:58:19.160000000,2015-11-10 15:15:13.230000000
11151,2015-02-23 17:25:05.190000000,FDLS_WAREHOUSE_PRD,4,dbo.config,coreRevision,v4.5.2-rc.2,Source control revision for core repository,1,,,2015-02-23 17:25:05.190000000,FDLS,PRD,2015-02-23 17:25:05.190000000,2015-08-06 10:40:12.713000000,2015-11-10 15:15:13.230000000
11152,2015-02-19 16:39:39.320000000,FDLS_WAREHOUSE_UAT,4,dbo.config,coreRevision,v4.5.2-rc.2,Source control revision for core repository,1,,,2015-02-19 16:39:39.320000000,FDLS,UAT,2015-02-19 16:39:39.320000000,2015-08-06 10:40:04.993000000,2015-11-10 15:15:13.230000000
11153,2015-03-06 15:06:11.763000000,FDLS_WAREHOUSE_DEV,4,dbo.config,coreRevision,v4.5.5-rc.1,Source control revision for core repository,2,,,2015-03-06 15:06:11.763000000,FDLS,DEV,2015-03-06 15:06:11.763000000,2015-08-06 10:40:25.290000000,2015-11-10 15:15:13.230000000
11154,2015-03-02 18:17:34.153000000,FDLS_WAREHOUSE_QA,4,dbo.config,coreRevision,v4.5.5-rc.1,Source control revision for core repository,2,,,2015-03-02 18:17:34.153000000,FDLS,QA,2015-03-02 18:17:34.153000000,2015-08-06 10:40:31.030000000,2015-11-10 15:15:13.230000000
11155,2015-05-27 15:43:21.207000000,CCCN_WAREHOUSE_PRD,4,dbo.config,coreRevision,v4.6.3,Source control revision for core repository,3,,,2015-05-27 15:43:21.207000000,CCCN,PRD,2015-05-27 15:43:21.207000000,2015-08-06 10:40:16.760000000,2015-11-10 15:15:13.230000000
11156,2015-07-22 14:35:18.987000000,UCF_WAREHOUSE_PRD,4,dbo.config,coreRevision,v4.7.0-rc.8,Source control revision for core repository,4,,,2015-07-22 14:35:18.987000000,UCF,PRD,2015-07-22 14:35:18.987000000,2015-08-06 10:40:14.277000000,2015-11-10 15:15:13.230000000
11157,2015-08-04 16:53:58.467000000,ONPT_WAREHOUSE_DEV,25,dbo.config,coreRevision,v4.7.1,Source control revision for core repository,5,,,2015-08-04 16:53:58.467000000,ONPT,DEV,2015-08-04 16:53:58.467000000,2015-08-06 10:40:26.063000000,2015-11-10 15:15:13.230000000
11158,2015-09-24 14:13:37.187000000,UCF_WAREHOUSE_DEV,4,dbo.config,coreRevision,v4.7.7,Source control revision for core repository,6,,,2015-09-24 14:13:37.187000000,UCF,DEV,2015-09-24 14:13:37.187000000,2015-09-25 08:58:54.867000000,2015-11-10 15:15:13.230000000
11159,2015-09-25 15:52:11.160000000,UCF_WAREHOUSE_QA,4,dbo.config,coreRevision,v4.7.7,Source control revision for core repository,6,,,2015-09-25 15:52:11.160000000,UCF,QA,2015-09-25 15:52:11.160000000,2015-09-25 15:56:40.473000000,2015-11-10 15:15:13.230000000
11160,2015-09-29 13:38:53.947000000,UCF_WAREHOUSE_UAT,4,dbo.config,coreRevision,v4.7.7,Source control revision for core repository,6,,,2015-09-29 13:38:53.947000000,UCF,UAT,2015-09-29 13:38:53.947000000,2015-10-05 11:37:18.840000000,2015-11-10 15:15:13.230000000
11161,2015-10-02 11:52:22.030000000,AHP_WAREHOUSE_DEV,4,dbo.config,coreRevision,v4.7.8,Source control revision for core repository,7,,,2015-10-02 11:52:22.030000000,AHP,DEV,2015-10-02 11:52:22.030000000,2015-10-05 11:37:33.340000000,2015-11-10 15:15:13.230000000
11162,2015-10-08 19:10:51.430000000,AHP_WAREHOUSE_PRD,4,dbo.config,coreRevision,v4.7.8,Source control revision for core repository,7,,,2015-10-08 19:10:51.430000000,AHP,PRD,2015-10-08 19:10:51.430000000,2015-10-12 10:40:17.383000000,2015-11-10 15:15:13.230000000
11163,2015-10-13 15:42:11.957000000,AHP_WAREHOUSE_UAT,4,dbo.config,coreRevision,v4.7.8,Source control revision for core repository,7,,,2015-10-13 15:42:11.957000000,AHP,UAT,2015-10-13 15:42:11.957000000,2015-10-14 14:46:44.267000000,2015-11-10 15:15:13.230000000
11164,2015-10-19 18:33:14.863000000,BIDCO_WAREHOUSE_DEV,26,dbo.config,coreRevision,v4.7.8,Source control revision for core repository,7,,,2015-10-19 18:33:14.863000000,BIDCO,DEV,2015-10-19 18:33:14.863000000,2015-10-29 14:21:45.460000000,2015-11-10 15:15:13.230000000
11165,2015-10-22 15:16:43.563000000,BIDCO_WAREHOUSE_PRD,4,dbo.config,coreRevision,v4.7.8,Source control revision for core repository,7,,,2015-10-22 15:16:43.563000000,BIDCO,PRD,2015-10-22 15:16:43.563000000,2015-10-29 14:21:08.910000000,2015-11-10 15:15:13.230000000
11166,2015-10-12 17:46:57.447000000,BIDCO_WAREHOUSE_QA,4,dbo.config,coreRevision,v4.7.8,Source control revision for core repository,7,,,2015-10-12 17:46:57.447000000,BIDCO,QA,2015-10-12 17:46:57.447000000,2015-10-13 14:37:30.473000000,2015-11-10 15:15:13.230000000
11167,2015-10-28 09:58:01.567000000,CHPW_WAREHOUSE_PRD,4,dbo.config,coreRevision,v4.7.8,Source control revision for core repository,7,,,2015-10-28 09:58:01.567000000,CHPW,PRD,2015-10-28 09:58:01.567000000,2015-10-29 14:21:22.510000000,2015-11-10 15:15:13.230000000
11168,2015-10-16 18:02:59.100000000,CHPW_WAREHOUSE_QA,4,dbo.config,coreRevision,v4.7.8,Source control revision for core repository,7,,,2015-10-16 18:02:59.100000000,CHPW,QA,2015-10-16 18:02:59.100000000,2015-10-19 09:41:07.533000000,2015-11-10 15:15:13.230000000
11169,2015-10-21 09:50:54.757000000,CHPW_WAREHOUSE_UAT,4,dbo.config,coreRevision,v4.7.8,Source control revision for core repository,7,,,2015-10-21 09:50:54.757000000,CHPW,UAT,2015-10-21 09:50:54.757000000,2015-10-29 14:21:39.843000000,2015-11-10 15:15:13.230000000
11170,2015-10-28 10:19:44.270000000,SLVTN_WAREHOUSE_PRD,4,dbo.config,coreRevision,v4.7.8,Source control revision for core repository,7,,,2015-10-28 10:19:44.270000000,SLVTN,PRD,2015-10-28 10:19:44.270000000,2015-10-29 14:21:20.073000000,2015-11-10 15:15:13.230000000
11171,2015-10-14 10:53:32.917000000,SLVTN_WAREHOUSE_UAT,4,dbo.config,coreRevision,v4.7.8,Source control revision for core repository,7,,,2015-10-14 10:53:32.917000000,SLVTN,UAT,2015-10-14 10:53:32.917000000,2015-10-14 14:46:47.810000000,2015-11-10 15:15:13.230000000
11172,2015-10-02 12:26:13.990000000,XCLS_WAREHOUSE_DEV,4,dbo.config,coreRevision,v4.7.8,Source control revision for core repository,7,,,2015-10-02 12:26:13.990000000,XCLS,DEV,2015-10-02 12:26:13.990000000,2015-10-05 11:37:42.730000000,2015-11-10 15:15:13.230000000
11173,2015-10-09 15:13:44.410000000,XCLS_WAREHOUSE_PRD,4,dbo.config,coreRevision,v4.7.8,Source control revision for core repository,7,,,2015-10-09 15:13:44.410000000,XCLS,PRD,2015-10-09 15:13:44.410000000,2015-10-12 10:40:27.113000000,2015-11-10 15:15:13.230000000
