id,modify_timestamp,database_name,orig_id,orig_table,type,value1,value2,value3,value4,value5,date_value,client,env,create_timestamp,entry_timestamp,updated_timestamp
4743,2015-08-17 13:45:02.580000000,AHP_WAREHOUSE_UAT,3,dbo.config,ScmRevision,e83c4278ae2d7b658e76e8dcaad327bd2d4085f9,The build version (ie. 4791),,,,2015-08-17 13:45:02.580000000,AHP,UAT,2015-08-17 13:45:02.580000000,2015-08-26 09:27:42.003000000,2015-08-26 09:28:58.903000000
4744,2015-06-25 12:15:38.033000000,AHP_WAREHOUSE_UAT,4,dbo.config,coreRevision,v4.6.4-rc.5,Source control revision for core repository,6,,,2015-06-25 12:15:38.033000000,AHP,UAT,2015-06-25 12:15:38.033000000,2015-08-26 09:27:42.003000000,2015-08-26 09:28:58.903000000
4745,2015-02-19 16:39:39.090000000,FDLS_WAREHOUSE_UAT,3,dbo.config,ScmRevision,d737aa8759e18428914903505dd08ed74d9c75b1,The build version (ie. 4791),,,,2015-02-19 16:39:39.090000000,FDLS,UAT,2015-02-19 16:39:39.090000000,2015-08-26 09:27:43.240000000,2015-08-26 09:28:58.903000000
4746,2015-02-19 16:39:39.320000000,FDLS_WAREHOUSE_UAT,4,dbo.config,coreRevision,v4.5.2-rc.2,Source control revision for core repository,1,,,2015-02-19 16:39:39.320000000,FDLS,UAT,2015-02-19 16:39:39.320000000,2015-08-26 09:27:43.240000000,2015-08-26 09:28:58.903000000
4747,2015-08-08 13:47:41.327000000,FHN_WAREHOUSE_UAT,3,dbo.config,ScmRevision,cef409e0d8c419c078f49f65b4ade19c843282b7,The build version (ie. 4791),,,,2015-08-08 13:47:41.327000000,FHN,UAT,2015-08-08 13:47:41.327000000,2015-08-26 09:27:45.007000000,2015-08-26 09:28:58.903000000
4748,2015-07-01 16:21:56.547000000,FHN_WAREHOUSE_UAT,4,dbo.config,coreRevision,v4.6.4-rc.5,Source control revision for core repository,6,,,2015-07-01 16:21:56.547000000,FHN,UAT,2015-07-01 16:21:56.547000000,2015-08-26 09:27:45.007000000,2015-08-26 09:28:58.903000000
4749,2015-08-14 16:06:24.213000000,UCF_WAREHOUSE_UAT,3,dbo.config,ScmRevision,9b56d4f8abbb87532f64aeab12f86e07594fe197,The build version (ie. 4791),,,,2015-08-14 16:06:24.213000000,UCF,UAT,2015-08-14 16:06:24.213000000,2015-08-26 09:27:46.290000000,2015-08-26 09:28:58.903000000
4750,2015-08-14 16:04:31.290000000,UCF_WAREHOUSE_UAT,4,dbo.config,coreRevision,v4.7.1,Source control revision for core repository,11,,,2015-08-14 16:04:31.290000000,UCF,UAT,2015-08-14 16:04:31.290000000,2015-08-26 09:27:46.290000000,2015-08-26 09:28:58.903000000
4751,2015-08-19 11:38:18.847000000,XCLS_WAREHOUSE_UAT,3,dbo.config,ScmRevision,ee6a4514ccac629d7eceb3b9a294872cf27e1006,The build version (ie. 4791),,,,2015-08-19 11:38:18.847000000,XCLS,UAT,2015-08-19 11:38:18.847000000,2015-08-26 09:27:47.573000000,2015-08-26 09:28:58.903000000
4752,2015-07-02 11:03:17.007000000,XCLS_WAREHOUSE_UAT,4,dbo.config,coreRevision,v4.6.4-rc.5,Source control revision for core repository,6,,,2015-07-02 11:03:17.007000000,XCLS,UAT,2015-07-02 11:03:17.007000000,2015-08-26 09:27:47.573000000,2015-08-26 09:28:58.903000000
4753,2015-07-28 12:01:53.407000000,BIDCO_WAREHOUSE_PRD,3,dbo.config,ScmRevision,9871871970f8f4c21e5e414989f944420cdf3878,The build version (ie. 4791),,,,2015-07-28 12:01:53.407000000,BIDCO,PRD,2015-07-28 12:01:53.407000000,2015-08-26 09:27:48.720000000,2015-08-26 09:28:58.903000000
4754,2015-04-10 19:57:07.637000000,BIDCO_WAREHOUSE_PRD,4,dbo.config,coreRevision,v4.5.2,Source control revision for core repository,2,,,2015-04-10 19:57:07.637000000,BIDCO,PRD,2015-04-10 19:57:07.637000000,2015-08-26 09:27:48.720000000,2015-08-26 09:28:58.903000000
4755,2015-08-25 17:14:18.297000000,AHP_WAREHOUSE_PRD,3,dbo.config,ScmRevision,ab027e85bec267c4747bfdd1dab744ac250cb47c,The build version (ie. 4791),,,,2015-08-25 17:14:18.297000000,AHP,PRD,2015-08-25 17:14:18.297000000,2015-08-26 09:27:49.883000000,2015-08-26 09:28:58.903000000
4756,2015-07-07 17:39:17.057000000,AHP_WAREHOUSE_PRD,4,dbo.config,coreRevision,v4.6.4,Source control revision for core repository,7,,,2015-07-07 17:39:17.057000000,AHP,PRD,2015-07-07 17:39:17.057000000,2015-08-26 09:27:49.883000000,2015-08-26 09:28:58.903000000
4757,2015-02-23 17:25:04.960000000,FDLS_WAREHOUSE_PRD,3,dbo.config,ScmRevision,d737aa8759e18428914903505dd08ed74d9c75b1,The build version (ie. 4791),,,,2015-02-23 17:25:04.960000000,FDLS,PRD,2015-02-23 17:25:04.960000000,2015-08-26 09:27:51.050000000,2015-08-26 09:28:58.903000000
4758,2015-02-23 17:25:05.190000000,FDLS_WAREHOUSE_PRD,4,dbo.config,coreRevision,v4.5.2-rc.2,Source control revision for core repository,1,,,2015-02-23 17:25:05.190000000,FDLS,PRD,2015-02-23 17:25:05.190000000,2015-08-26 09:27:51.050000000,2015-08-26 09:28:58.903000000
4759,2015-07-24 10:14:30.923000000,FHN_WAREHOUSE_PRD,3,dbo.config,ScmRevision,0a33ed91eb99c8899fb688ba3002167efb5b624b,The build version (ie. 4791),,,,2015-07-24 10:14:30.923000000,FHN,PRD,2015-07-24 10:14:30.923000000,2015-08-26 09:27:52.713000000,2015-08-26 09:28:58.903000000
4760,2015-07-02 09:38:49.807000000,FHN_WAREHOUSE_PRD,4,dbo.config,coreRevision,v4.6.4,Source control revision for core repository,7,,,2015-07-02 09:38:49.807000000,FHN,PRD,2015-07-02 09:38:49.807000000,2015-08-26 09:27:52.713000000,2015-08-26 09:28:58.903000000
4761,2014-05-21 12:28:13.940000000,ONPOINT_WAREHOUSE_PRD,3,dbo.config,ScmRevision,AZR,The build version (ie. 4791),,,,2014-05-21 12:28:13.940000000,ONPOINT,PRD,2014-05-21 12:28:13.940000000,2015-08-26 09:27:53.917000000,2015-08-26 09:28:58.903000000
4762,2015-07-22 14:36:15.620000000,UCF_WAREHOUSE_PRD,3,dbo.config,ScmRevision,27ade55529250034e55e3ec1ec922d396a26d4d7,The build version (ie. 4791),,,,2015-07-22 14:36:15.620000000,UCF,PRD,2015-07-22 14:36:15.620000000,2015-08-26 09:27:55.620000000,2015-08-26 09:28:58.903000000
4763,2015-07-22 14:35:18.987000000,UCF_WAREHOUSE_PRD,4,dbo.config,coreRevision,v4.7.0-rc.8,Source control revision for core repository,10,,,2015-07-22 14:35:18.987000000,UCF,PRD,2015-07-22 14:35:18.987000000,2015-08-26 09:27:55.620000000,2015-08-26 09:28:58.903000000
4764,2015-08-13 17:01:35.917000000,XCLS_WAREHOUSE_PRD,3,dbo.config,ScmRevision,bfbd336eec2d4e0240bca3882f840e45ed2372de,The build version (ie. 4791),,,,2015-08-13 17:01:35.917000000,XCLS,PRD,2015-08-13 17:01:35.917000000,2015-08-26 09:27:56.770000000,2015-08-26 09:28:58.903000000
4765,2015-07-07 17:43:09.590000000,XCLS_WAREHOUSE_PRD,4,dbo.config,coreRevision,v4.6.4,Source control revision for core repository,7,,,2015-07-07 17:43:09.590000000,XCLS,PRD,2015-07-07 17:43:09.590000000,2015-08-26 09:27:56.770000000,2015-08-26 09:28:58.903000000
4766,2015-08-25 10:40:00.607000000,SLVTN_WAREHOUSE_PRD,3,dbo.config,ScmRevision,6d071e86fbea057fb6d25e00e1c17a767a223024,The build version (ie. 4791),,,,2015-08-25 10:40:00.607000000,SLVTN,PRD,2015-08-25 10:40:00.607000000,2015-08-26 09:27:57.930000000,2015-08-26 09:28:58.903000000
4767,2015-08-25 10:37:20.207000000,SLVTN_WAREHOUSE_PRD,4,dbo.config,coreRevision,v4.6.7,Source control revision for core repository,9,,,2015-08-25 10:37:20.207000000,SLVTN,PRD,2015-08-25 10:37:20.207000000,2015-08-26 09:27:57.930000000,2015-08-26 09:28:58.903000000
4768,2015-08-25 13:14:16.313000000,CCCN_WAREHOUSE_PRD,3,dbo.config,ScmRevision,11092f6ac08194857fbb53f3a3601c37cdf52de6,The build version (ie. 4791),,,,2015-08-25 13:14:16.313000000,CCCN,PRD,2015-08-25 13:14:16.313000000,2015-08-26 09:27:59.097000000,2015-08-26 09:28:58.903000000
4769,2015-05-27 15:43:21.207000000,CCCN_WAREHOUSE_PRD,4,dbo.config,coreRevision,v4.6.3,Source control revision for core repository,5,,,2015-05-27 15:43:21.207000000,CCCN,PRD,2015-05-27 15:43:21.207000000,2015-08-26 09:27:59.097000000,2015-08-26 09:28:58.903000000
4770,2015-08-13 16:01:38.933000000,CHPW_WAREHOUSE_PRD,3,dbo.config,ScmRevision,8c7f066d82420870bea09d593fcf6668646f099c,The build version (ie. 4791),,,,2015-08-13 16:01:38.933000000,CHPW,PRD,2015-08-13 16:01:38.933000000,2015-08-26 09:28:00.257000000,2015-08-26 09:28:58.903000000
4771,2015-07-14 10:49:44.923000000,CHPW_WAREHOUSE_PRD,4,dbo.config,coreRevision,v4.6.6,Source control revision for core repository,8,,,2015-07-14 10:49:44.923000000,CHPW,PRD,2015-07-14 10:49:44.923000000,2015-08-26 09:28:00.257000000,2015-08-26 09:28:58.903000000
4772,2015-08-24 09:35:57.017000000,SLVTN_WAREHOUSE_DEV,3,dbo.config,ScmRevision,12dd030b643024017d74f780fa260117d4605f5d,The build version (ie. 4791),,,,2015-08-24 09:35:57.017000000,SLVTN,DEV,2015-08-24 09:35:57.017000000,2015-08-26 09:28:02.523000000,2015-08-26 09:28:58.903000000
4773,2015-08-06 10:56:10.260000000,SLVTN_WAREHOUSE_DEV,26,dbo.config,coreRevision,v4.7.1,Source control revision for core repository,11,,,2015-08-06 10:56:10.260000000,SLVTN,DEV,2015-08-06 10:56:10.260000000,2015-08-26 09:28:02.523000000,2015-08-26 09:28:58.903000000
4774,2015-08-19 20:09:21.333000000,CHPW_WAREHOUSE_DEV,3,dbo.config,ScmRevision,c17c92c7101e3c9490f3b8b54ec7980988cc6282,The build version (ie. 4791),,,,2015-08-19 20:09:21.333000000,CHPW,DEV,2015-08-19 20:09:21.333000000,2015-08-26 09:28:04.763000000,2015-08-26 09:28:58.903000000
4775,2015-08-13 10:52:14.253000000,CHPW_WAREHOUSE_DEV,4,dbo.config,coreRevision,v4.7.2,Source control revision for core repository,12,,,2015-08-13 10:52:14.253000000,CHPW,DEV,2015-08-13 10:52:14.253000000,2015-08-26 09:28:04.763000000,2015-08-26 09:28:58.903000000
4776,2015-08-24 15:05:14.370000000,CCCN_WAREHOUSE_DEV,3,dbo.config,ScmRevision,8b3a1893396496127b1671fac012e84750b98a15,Client Repository SHA commit,,,,2015-08-24 15:05:14.370000000,CCCN,DEV,2015-08-24 15:05:14.370000000,2015-08-26 09:28:05.873000000,2015-08-26 09:28:58.903000000
4777,2015-08-13 20:16:03.447000000,CCCN_WAREHOUSE_DEV,26,dbo.config,coreRevision,v4.8.0-rc.9,Branch name (tag) for core repository,14,,,2015-08-13 20:16:03.447000000,CCCN,DEV,2015-08-13 20:16:03.447000000,2015-08-26 09:28:05.873000000,2015-08-26 09:28:58.903000000
4778,2015-08-15 19:51:59.990000000,CHPW_WAREHOUSE_QA,3,dbo.config,ScmRevision,8c7f066d82420870bea09d593fcf6668646f099c,The build version (ie. 4791),,,,2015-08-15 19:51:59.990000000,CHPW,QA,2015-08-15 19:51:59.990000000,2015-08-26 09:28:08.157000000,2015-08-26 09:28:58.903000000
4779,2015-08-15 18:46:25.037000000,CHPW_WAREHOUSE_QA,4,dbo.config,coreRevision,v4.7.2,Source control revision for core repository,12,,,2015-08-15 18:46:25.037000000,CHPW,QA,2015-08-15 18:46:25.037000000,2015-08-26 09:28:08.157000000,2015-08-26 09:28:58.903000000
4780,2015-08-18 16:14:25.277000000,CCCN_WAREHOUSE_QA,3,dbo.config,ScmRevision,1fb95447a91e3c345251d87d5be2a1aed17c769f,Client Repository SHA commit,,,,2015-08-18 16:14:25.277000000,CCCN,QA,2015-08-18 16:14:25.277000000,2015-08-26 09:28:10.347000000,2015-08-26 09:28:58.903000000
4781,2015-08-17 16:29:15.327000000,CCCN_WAREHOUSE_QA,4,dbo.config,coreRevision,v4.8.0-rc.9,Branch name (tag) for core repository,14,,,2015-08-17 16:29:15.327000000,CCCN,QA,2015-08-17 16:29:15.327000000,2015-08-26 09:28:10.347000000,2015-08-26 09:28:58.903000000
4782,2015-08-18 15:55:20.570000000,SLVTN_WAREHOUSE_QA,3,dbo.config,ScmRevision,279ac0ec30491b068c4f28d8235d64e059b19830,The build version (ie. 4791),,,,2015-08-18 15:55:20.570000000,SLVTN,QA,2015-08-18 15:55:20.570000000,2015-08-26 09:28:12.670000000,2015-08-26 09:28:58.903000000
4783,2015-08-06 19:42:07.573000000,SLVTN_WAREHOUSE_QA,4,dbo.config,coreRevision,v4.7.1,Source control revision for core repository,11,,,2015-08-06 19:42:07.573000000,SLVTN,QA,2015-08-06 19:42:07.573000000,2015-08-26 09:28:12.670000000,2015-08-26 09:28:58.903000000
4784,2015-07-31 11:55:34.807000000,CHPW_WAREHOUSE_UAT,3,dbo.config,ScmRevision,783d1b271cb3ecc60462caadb157efccb711e443,The build version (ie. 4791),,,,2015-07-31 11:55:34.807000000,CHPW,UAT,2015-07-31 11:55:34.807000000,2015-08-26 09:28:14.090000000,2015-08-26 09:28:58.903000000
4785,2015-07-07 10:32:28.030000000,CHPW_WAREHOUSE_UAT,4,dbo.config,coreRevision,v4.6.6,Source control revision for core repository,8,,,2015-07-07 10:32:28.030000000,CHPW,UAT,2015-07-07 10:32:28.030000000,2015-08-26 09:28:14.090000000,2015-08-26 09:28:58.903000000
4690,2015-08-26 09:28:58.840000000,ACP Nightly Job DEV,,nightly job,previous run,Success,45 StartClientBackupJob,0,20150818,45,2015-08-26 09:28:58.840000000,ACP,DEV,2015-08-26 09:28:58.840000000,2015-08-26 09:28:58.880000000,2015-08-26 09:28:58.880000000
4691,2015-08-26 09:28:58.840000000,ACP Nightly Job PRD,,nightly job,previous run,Success,45 StartClientBackupJob,0,20150821,45,2015-08-26 09:28:58.840000000,ACP,PRD,2015-08-26 09:28:58.840000000,2015-08-26 09:28:58.880000000,2015-08-26 09:28:58.880000000
4692,2015-08-26 09:28:58.840000000,ACP Nightly Job QA,,nightly job,previous run,Success,45 StartClientBackupJob,0,20150819,45,2015-08-26 09:28:58.840000000,ACP,QA,2015-08-26 09:28:58.840000000,2015-08-26 09:28:58.880000000,2015-08-26 09:28:58.880000000
4693,2015-08-26 09:28:58.840000000,ACP Nightly Job UAT,,nightly job,previous run,Success,45 StartClientBackupJob,0,20150819,45,2015-08-26 09:28:58.840000000,ACP,UAT,2015-08-26 09:28:58.840000000,2015-08-26 09:28:58.880000000,2015-08-26 09:28:58.880000000
4694,2015-08-26 09:28:58.840000000,AHP Nightly Job DEV,,nightly job,previous run,Success,5 Patient/Enc Scrub,0,20150825,44,2015-08-26 09:28:58.840000000,AHP,DEV,2015-08-26 09:28:58.840000000,2015-08-26 09:28:58.880000000,2015-08-26 09:28:58.880000000
4695,2015-08-26 09:28:58.840000000,AHP Nightly Job PRD,,nightly job,last step,Success,37 Report job errors,1,20150826,37,2015-08-26 09:28:58.840000000,AHP,PRD,2015-08-26 09:28:58.840000000,2015-08-26 09:28:58.880000000,2015-08-26 09:28:58.880000000
4696,2015-08-26 09:28:58.840000000,AHP Nightly Job PRD,,nightly job,failed step,Failed,31 Trigger for Measure Processing Deleted Persons,1,20150826,37,2015-08-26 09:28:58.840000000,AHP,PRD,2015-08-26 09:28:58.840000000,2015-08-26 09:28:58.880000000,2015-08-26 09:28:58.880000000
4697,2015-08-26 09:28:58.840000000,AHP Nightly Job QA,,nightly job,last step,Success,44 StartClientBackupJob,1,20150826,44,2015-08-26 09:28:58.840000000,AHP,QA,2015-08-26 09:28:58.840000000,2015-08-26 09:28:58.880000000,2015-08-26 09:28:58.880000000
4698,2015-08-26 09:28:58.840000000,AHP Nightly Job QA,,nightly job,failed step,Failed,38 Trigger for Measure Processing Deleted Persons,1,20150826,44,2015-08-26 09:28:58.840000000,AHP,QA,2015-08-26 09:28:58.840000000,2015-08-26 09:28:58.880000000,2015-08-26 09:28:58.880000000
4699,2015-08-26 09:28:58.840000000,AHP Nightly Job UAT,,nightly job,last step,Success,37 Report job errors,1,20150826,37,2015-08-26 09:28:58.840000000,AHP,UAT,2015-08-26 09:28:58.840000000,2015-08-26 09:28:58.880000000,2015-08-26 09:28:58.880000000
4700,2015-08-26 09:28:58.840000000,AHP Nightly Job UAT,,nightly job,failed step,Failed,31 Trigger for Measure Processing Deleted Persons,1,20150826,37,2015-08-26 09:28:58.840000000,AHP,UAT,2015-08-26 09:28:58.840000000,2015-08-26 09:28:58.880000000,2015-08-26 09:28:58.880000000
4701,2015-08-26 09:28:58.840000000,AXBRO Nightly Job DEV,,nightly job,previous run,Success,44 Report job errors,0,20150811,44,2015-08-26 09:28:58.840000000,AXBRO,DEV,2015-08-26 09:28:58.840000000,2015-08-26 09:28:58.880000000,2015-08-26 09:28:58.880000000
4702,2015-08-26 09:28:58.840000000,AXBRO Nightly Job QA,,nightly job,previous run,Success,44 Report job errors,0,20150812,44,2015-08-26 09:28:58.840000000,AXBRO,QA,2015-08-26 09:28:58.840000000,2015-08-26 09:28:58.880000000,2015-08-26 09:28:58.880000000
4703,2015-08-26 09:28:58.840000000,BIDCO Nightly Job PRD,,nightly job,last step,Success,32 Report job errors,1,20150826,32,2015-08-26 09:28:58.840000000,BIDCO,PRD,2015-08-26 09:28:58.840000000,2015-08-26 09:28:58.880000000,2015-08-26 09:28:58.880000000
4704,2015-08-26 09:28:58.840000000,BIDCO Nightly Job QA,,nightly job,previous run,Failed,2 Informatica Load,0,20150824,32,2015-08-26 09:28:58.840000000,BIDCO,QA,2015-08-26 09:28:58.840000000,2015-08-26 09:28:58.880000000,2015-08-26 09:28:58.880000000
4705,2015-08-26 09:28:58.840000000,CCCN Nightly Job DEV,,nightly job,failed,Failed,17 Check Cutoff Time,1,20150826,32,2015-08-26 09:28:58.840000000,CCCN,DEV,2015-08-26 09:28:58.840000000,2015-08-26 09:28:58.880000000,2015-08-26 09:28:58.880000000
4706,2015-08-26 09:28:58.840000000,CCCN Nightly Job PRD,,nightly job,last step,Success,24 Update Warehouse DB Stats,1,20150826,35,2015-08-26 09:28:58.840000000,CCCN,PRD,2015-08-26 09:28:58.840000000,2015-08-26 09:28:58.880000000,2015-08-26 09:28:58.880000000
4707,2015-08-26 09:28:58.840000000,CCCN Nightly Job QA,,nightly job,last step,Success,46 StartClientBackupJob,1,20150826,46,2015-08-26 09:28:58.840000000,CCCN,QA,2015-08-26 09:28:58.840000000,2015-08-26 09:28:58.880000000,2015-08-26 09:28:58.880000000
4708,2015-08-26 09:28:58.840000000,CCCN Nightly Job QA,,nightly job,failed step,Failed,45 Maintenance Timing Errors,1,20150826,46,2015-08-26 09:28:58.840000000,CCCN,QA,2015-08-26 09:28:58.840000000,2015-08-26 09:28:58.880000000,2015-08-26 09:28:58.880000000
4709,2015-08-26 09:28:58.840000000,CCCN Nightly Job UAT,,nightly job,previous run,Failed,35 Report job errors,0,20150824,35,2015-08-26 09:28:58.840000000,CCCN,UAT,2015-08-26 09:28:58.840000000,2015-08-26 09:28:58.880000000,2015-08-26 09:28:58.880000000
4710,2015-08-26 09:28:58.840000000,CHPW Nightly Job DEV,,nightly job,previous run,Failed,17 Check Cutoff Time,0,20150820,44,2015-08-26 09:28:58.840000000,CHPW,DEV,2015-08-26 09:28:58.840000000,2015-08-26 09:28:58.880000000,2015-08-26 09:28:58.880000000
4711,2015-08-26 09:28:58.840000000,CHPW Nightly Job PRD,,nightly job,last step,Success,37 Report job errors,1,20150826,37,2015-08-26 09:28:58.840000000,CHPW,PRD,2015-08-26 09:28:58.840000000,2015-08-26 09:28:58.880000000,2015-08-26 09:28:58.880000000
4712,2015-08-26 09:28:58.840000000,CHPW Nightly Job PRD,,nightly job,failed step,Failed,31 Trigger for Measure Processing Deleted Persons,1,20150826,37,2015-08-26 09:28:58.840000000,CHPW,PRD,2015-08-26 09:28:58.840000000,2015-08-26 09:28:58.880000000,2015-08-26 09:28:58.880000000
4713,2015-08-26 09:28:58.840000000,CHPW Nightly Job QA,,nightly job,last step,Success,44 StartClientBackupJob,1,20150826,44,2015-08-26 09:28:58.840000000,CHPW,QA,2015-08-26 09:28:58.840000000,2015-08-26 09:28:58.880000000,2015-08-26 09:28:58.880000000
4714,2015-08-26 09:28:58.840000000,CHPW Nightly Job QA,,nightly job,failed step,Failed,43 Maintenance Timing Errors,1,20150826,44,2015-08-26 09:28:58.840000000,CHPW,QA,2015-08-26 09:28:58.840000000,2015-08-26 09:28:58.880000000,2015-08-26 09:28:58.880000000
4715,2015-08-26 09:28:58.840000000,CHPW Nightly Job UAT,,nightly job,previous run,Failed,37 Report job errors,0,20150825,37,2015-08-26 09:28:58.840000000,CHPW,UAT,2015-08-26 09:28:58.840000000,2015-08-26 09:28:58.880000000,2015-08-26 09:28:58.880000000
4716,2015-08-26 09:28:58.840000000,CHPW Nightly Job UAT,,nightly job,failed step,Failed,35 Maintenance Timing Errors,0,20150825,37,2015-08-26 09:28:58.840000000,CHPW,UAT,2015-08-26 09:28:58.840000000,2015-08-26 09:28:58.880000000,2015-08-26 09:28:58.880000000
4717,2015-08-26 09:28:58.840000000,FDLS Nightly Job QA,,nightly job,previous run,Failed,19 Populate Attribution,0,20150821,32,2015-08-26 09:28:58.840000000,FDLS,QA,2015-08-26 09:28:58.840000000,2015-08-26 09:28:58.880000000,2015-08-26 09:28:58.880000000
4718,2015-08-26 09:28:58.840000000,FHN Nightly Job DEV,,nightly job,previous run,Success,27 Update Provider In Events,0,20150812,32,2015-08-26 09:28:58.840000000,FHN,DEV,2015-08-26 09:28:58.840000000,2015-08-26 09:28:58.880000000,2015-08-26 09:28:58.880000000
4719,2015-08-26 09:28:58.840000000,FHN Nightly Job PRD,,nightly job,last step,Success,37 Report job errors,1,20150826,37,2015-08-26 09:28:58.840000000,FHN,PRD,2015-08-26 09:28:58.840000000,2015-08-26 09:28:58.880000000,2015-08-26 09:28:58.880000000
4720,2015-08-26 09:28:58.840000000,FHN Nightly Job PRD,,nightly job,failed step,Failed,31 Trigger for Measure Processing Deleted Persons,1,20150826,37,2015-08-26 09:28:58.840000000,FHN,PRD,2015-08-26 09:28:58.840000000,2015-08-26 09:28:58.880000000,2015-08-26 09:28:58.880000000
4721,2015-08-26 09:28:58.840000000,FHN Nightly Job QA,,nightly job,last step,Success,27 Update Provider In Events,1,20150826,44,2015-08-26 09:28:58.840000000,FHN,QA,2015-08-26 09:28:58.840000000,2015-08-26 09:28:58.880000000,2015-08-26 09:28:58.880000000
4722,2015-08-26 09:28:58.840000000,FHN Nightly Job UAT,,nightly job,previous run,Success,37 Report job errors,0,20150809,37,2015-08-26 09:28:58.840000000,FHN,UAT,2015-08-26 09:28:58.840000000,2015-08-26 09:28:58.880000000,2015-08-26 09:28:58.880000000
4723,2015-08-26 09:28:58.840000000,LHCQF Nightly Job DEV,,nightly job,previous run,Failed,48 Report job errors,0,20150812,48,2015-08-26 09:28:58.840000000,LHCQF,DEV,2015-08-26 09:28:58.840000000,2015-08-26 09:28:58.880000000,2015-08-26 09:28:58.880000000
4724,2015-08-26 09:28:58.840000000,LHCQF Nightly Job QA,,nightly job,previous run,Success,47 StartClientBackupJob,0,20150824,47,2015-08-26 09:28:58.840000000,LHCQF,QA,2015-08-26 09:28:58.840000000,2015-08-26 09:28:58.880000000,2015-08-26 09:28:58.880000000
4725,2015-08-26 09:28:58.840000000,MEMS Nightly Job DEV,,nightly job,previous run,Success,45 StartClientBackupJob,0,20150818,45,2015-08-26 09:28:58.840000000,MEMS,DEV,2015-08-26 09:28:58.840000000,2015-08-26 09:28:58.880000000,2015-08-26 09:28:58.880000000
4726,2015-08-26 09:28:58.840000000,MEMS Nightly Job PRD,,nightly job,previous run,Success,45 StartClientBackupJob,0,20150821,45,2015-08-26 09:28:58.840000000,MEMS,PRD,2015-08-26 09:28:58.840000000,2015-08-26 09:28:58.880000000,2015-08-26 09:28:58.880000000
4727,2015-08-26 09:28:58.840000000,MEMS Nightly Job QA,,nightly job,previous run,Success,45 StartClientBackupJob,0,20150819,45,2015-08-26 09:28:58.840000000,MEMS,QA,2015-08-26 09:28:58.840000000,2015-08-26 09:28:58.880000000,2015-08-26 09:28:58.880000000
4728,2015-08-26 09:28:58.840000000,MEMS Nightly Job UAT,,nightly job,previous run,Success,45 StartClientBackupJob,0,20150819,45,2015-08-26 09:28:58.840000000,MEMS,UAT,2015-08-26 09:28:58.840000000,2015-08-26 09:28:58.880000000,2015-08-26 09:28:58.880000000
4729,2015-08-26 09:28:58.840000000,SLVTN Nightly Job DEV,,nightly job,previous run,Failed,17 Check Cutoff Time,0,20150813,45,2015-08-26 09:28:58.840000000,SLVTN,DEV,2015-08-26 09:28:58.840000000,2015-08-26 09:28:58.880000000,2015-08-26 09:28:58.880000000
4730,2015-08-26 09:28:58.840000000,SLVTN Nightly Job PRD,,nightly job,last step,Success,23 Populate Attribution,1,20150826,35,2015-08-26 09:28:58.840000000,SLVTN,PRD,2015-08-26 09:28:58.840000000,2015-08-26 09:28:58.880000000,2015-08-26 09:28:58.880000000
4731,2015-08-26 09:28:58.840000000,SLVTN Nightly Job QA,,nightly job,last step,Success,45 StartClientBackupJob,1,20150826,45,2015-08-26 09:28:58.840000000,SLVTN,QA,2015-08-26 09:28:58.840000000,2015-08-26 09:28:58.880000000,2015-08-26 09:28:58.880000000
4732,2015-08-26 09:28:58.840000000,SLVTN Nightly Job QA,,nightly job,failed step,Failed,38 Trigger for Measure Processing Deleted Persons,1,20150826,45,2015-08-26 09:28:58.840000000,SLVTN,QA,2015-08-26 09:28:58.840000000,2015-08-26 09:28:58.880000000,2015-08-26 09:28:58.880000000
4733,2015-08-26 09:28:58.840000000,SLVTN Nightly Job UAT,,nightly job,last step,Success,28 Update Warehouse DB Stats,1,20150826,39,2015-08-26 09:28:58.840000000,SLVTN,UAT,2015-08-26 09:28:58.840000000,2015-08-26 09:28:58.880000000,2015-08-26 09:28:58.880000000
4734,2015-08-26 09:28:58.840000000,UCF Nightly Job DEV,,nightly job,previous run,Success,44 StartClientBackupJob,0,20150824,44,2015-08-26 09:28:58.840000000,UCF,DEV,2015-08-26 09:28:58.840000000,2015-08-26 09:28:58.880000000,2015-08-26 09:28:58.880000000
4735,2015-08-26 09:28:58.840000000,VCA Nightly Job DEV,,nightly job,previous run,Failed,24 Delete Events,0,20150824,44,2015-08-26 09:28:58.840000000,VCA,DEV,2015-08-26 09:28:58.840000000,2015-08-26 09:28:58.880000000,2015-08-26 09:28:58.880000000
4736,2015-08-26 09:28:58.840000000,VCA Nightly Job QA,,nightly job,previous run,Success,44 StartClientBackupJob,0,20150817,44,2015-08-26 09:28:58.840000000,VCA,QA,2015-08-26 09:28:58.840000000,2015-08-26 09:28:58.880000000,2015-08-26 09:28:58.880000000
4737,2015-08-26 09:28:58.840000000,XCLS Nightly Job DEV,,nightly job,previous run,Success,45 StartClientBackupJob,0,20150825,45,2015-08-26 09:28:58.840000000,XCLS,DEV,2015-08-26 09:28:58.840000000,2015-08-26 09:28:58.880000000,2015-08-26 09:28:58.880000000
4738,2015-08-26 09:28:58.840000000,XCLS Nightly Job PRD,,nightly job,last step,Success,38 Report job errors,1,20150826,38,2015-08-26 09:28:58.840000000,XCLS,PRD,2015-08-26 09:28:58.840000000,2015-08-26 09:28:58.880000000,2015-08-26 09:28:58.880000000
4739,2015-08-26 09:28:58.840000000,XCLS Nightly Job PRD,,nightly job,failed step,Failed,32 Trigger for Measure Processing Deleted Persons,1,20150826,38,2015-08-26 09:28:58.840000000,XCLS,PRD,2015-08-26 09:28:58.840000000,2015-08-26 09:28:58.880000000,2015-08-26 09:28:58.880000000
4740,2015-08-26 09:28:58.840000000,XCLS Nightly Job QA,,nightly job,last step,Success,35 Update Warehouse DB Stats,1,20150826,45,2015-08-26 09:28:58.840000000,XCLS,QA,2015-08-26 09:28:58.840000000,2015-08-26 09:28:58.880000000,2015-08-26 09:28:58.880000000
4741,2015-08-26 09:28:58.840000000,XCLS Nightly Job UAT,,nightly job,last step,Success,38 Report job errors,1,20150826,38,2015-08-26 09:28:58.840000000,XCLS,UAT,2015-08-26 09:28:58.840000000,2015-08-26 09:28:58.880000000,2015-08-26 09:28:58.880000000
4742,2015-08-26 09:28:58.840000000,XCLS Nightly Job UAT,,nightly job,failed step,Failed,32 Trigger for Measure Processing Deleted Persons,1,20150826,38,2015-08-26 09:28:58.840000000,XCLS,UAT,2015-08-26 09:28:58.840000000,2015-08-26 09:28:58.880000000,2015-08-26 09:28:58.880000000
4786,2015-08-24 17:01:31.617000000,CCCN_WAREHOUSE_UAT,3,dbo.config,ScmRevision,6a6beef66803ffee976a1a7e3df91c0a8962482e,The build version (ie. 4791),,,,2015-08-24 17:01:31.617000000,CCCN,UAT,2015-08-24 17:01:31.617000000,2015-08-26 09:28:15.407000000,2015-08-26 09:28:58.903000000
4787,2015-08-20 22:25:14.380000000,CCCN_WAREHOUSE_UAT,4,dbo.config,coreRevision,v4.6.3,Source control revision for core repository,5,,,2015-08-20 22:25:14.380000000,CCCN,UAT,2015-08-20 22:25:14.380000000,2015-08-26 09:28:15.407000000,2015-08-26 09:28:58.903000000
4788,2015-08-19 12:34:30.880000000,SLVTN_WAREHOUSE_UAT,3,dbo.config,ScmRevision,cb36ab232c35760baf65021228c494acded19f20,The build version (ie. 4791),,,,2015-08-19 12:34:30.880000000,SLVTN,UAT,2015-08-19 12:34:30.880000000,2015-08-26 09:28:16.630000000,2015-08-26 09:28:58.903000000
4789,2015-08-14 12:39:59.420000000,SLVTN_WAREHOUSE_UAT,4,dbo.config,coreRevision,v4.6.7,Source control revision for core repository,9,,,2015-08-14 12:39:59.420000000,SLVTN,UAT,2015-08-14 12:39:59.420000000,2015-08-26 09:28:16.630000000,2015-08-26 09:28:58.903000000
4790,2015-04-09 13:26:03.243000000,BIDCO_WAREHOUSE_DEV,3,dbo.config,ScmRevision,19cb0972ab1e0b03074f2a49a80b8e46a8a163a5,The build version (ie. 4791),,,,2015-04-09 13:26:03.243000000,BIDCO,DEV,2015-04-09 13:26:03.243000000,2015-08-26 09:28:18.140000000,2015-08-26 09:28:58.903000000
4791,2015-03-13 11:47:50.727000000,BIDCO_WAREHOUSE_DEV,26,dbo.config,coreRevision,v4.5.7-rc.1,Source control revision for core repository,4,,,2015-03-13 11:47:50.727000000,BIDCO,DEV,2015-03-13 11:47:50.727000000,2015-08-26 09:28:18.140000000,2015-08-26 09:28:58.903000000
4792,2015-08-25 23:32:14.390000000,AHP_WAREHOUSE_DEV,3,dbo.config,ScmRevision,d0330854aa6bb59dfd20e939611d224633a36095,The build version (ie. 4791),,,,2015-08-25 23:32:14.390000000,AHP,DEV,2015-08-25 23:32:14.390000000,2015-08-26 09:28:19.370000000,2015-08-26 09:28:58.903000000
4793,2015-08-05 15:27:58.040000000,AHP_WAREHOUSE_DEV,4,dbo.config,coreRevision,v4.7.1,Source control revision for core repository,11,,,2015-08-05 15:27:58.040000000,AHP,DEV,2015-08-05 15:27:58.040000000,2015-08-26 09:28:19.370000000,2015-08-26 09:28:58.903000000
4794,2015-07-20 15:47:16.113000000,FDLS_WAREHOUSE_DEV,3,dbo.config,ScmRevision,5a284a7fe0fa11c79dce3c7fb3375b85bf5df780,The build version (ie. 4791),,,,2015-07-20 15:47:16.113000000,FDLS,DEV,2015-07-20 15:47:16.113000000,2015-08-26 09:28:21.217000000,2015-08-26 09:28:58.903000000
4795,2015-03-06 15:06:11.763000000,FDLS_WAREHOUSE_DEV,4,dbo.config,coreRevision,v4.5.5-rc.1,Source control revision for core repository,3,,,2015-03-06 15:06:11.763000000,FDLS,DEV,2015-03-06 15:06:11.763000000,2015-08-26 09:28:21.217000000,2015-08-26 09:28:58.903000000
4796,2015-08-21 13:06:34.810000000,FHN_WAREHOUSE_DEV,3,dbo.config,ScmRevision,5b28e1188ae0903b56898286eb5f6f7314933080,The build version (ie. 4791),,,,2015-08-21 13:06:34.810000000,FHN,DEV,2015-08-21 13:06:34.810000000,2015-08-26 09:28:23.380000000,2015-08-26 09:28:58.903000000
4797,2015-08-21 13:04:24.423000000,FHN_WAREHOUSE_DEV,4,dbo.config,coreRevision,v4.7.3,Source control revision for core repository,13,,,2015-08-21 13:04:24.423000000,FHN,DEV,2015-08-21 13:04:24.423000000,2015-08-26 09:28:23.380000000,2015-08-26 09:28:58.903000000
4798,2015-08-04 16:58:11.400000000,ONPT_WAREHOUSE_DEV,3,dbo.config,ScmRevision,3830aaaa7cf9336a98b49fbf85267acc86a99428,The build version (ie. 4791),,,,2015-08-04 16:58:11.400000000,ONPT,DEV,2015-08-04 16:58:11.400000000,2015-08-26 09:28:25.973000000,2015-08-26 09:28:58.903000000
4799,2015-08-04 16:53:58.467000000,ONPT_WAREHOUSE_DEV,25,dbo.config,coreRevision,v4.7.1,Source control revision for core repository,11,,,2015-08-04 16:53:58.467000000,ONPT,DEV,2015-08-04 16:53:58.467000000,2015-08-26 09:28:25.973000000,2015-08-26 09:28:58.903000000
4800,2015-08-25 10:18:30.400000000,UCF_WAREHOUSE_DEV,3,dbo.config,ScmRevision,862d412babad42e0ed47f63ecfae9009fd0fca92,The build version (ie. 4791),,,,2015-08-25 10:18:30.400000000,UCF,DEV,2015-08-25 10:18:30.400000000,2015-08-26 09:28:28.580000000,2015-08-26 09:28:58.903000000
4801,2015-08-04 16:55:40.813000000,UCF_WAREHOUSE_DEV,4,dbo.config,coreRevision,v4.7.1,Source control revision for core repository,11,,,2015-08-04 16:55:40.813000000,UCF,DEV,2015-08-04 16:55:40.813000000,2015-08-26 09:28:28.580000000,2015-08-26 09:28:58.903000000
4802,2015-08-12 11:52:37.017000000,VCA_WAREHOUSE_DEV,3,dbo.config,ScmRevision,8fc2cabe79206b79b13dafd820a2df7fb8940d46,The build version (ie. 4791),,,,2015-08-12 11:52:37.017000000,VCA,DEV,2015-08-12 11:52:37.017000000,2015-08-26 09:28:30.083000000,2015-08-26 09:28:58.903000000
4803,2015-08-12 11:50:21.167000000,VCA_WAREHOUSE_DEV,4,dbo.config,coreRevision,v4.7.2,Source control revision for core repository,12,,,2015-08-12 11:50:21.167000000,VCA,DEV,2015-08-12 11:50:21.167000000,2015-08-26 09:28:30.083000000,2015-08-26 09:28:58.903000000
4804,2015-08-25 23:03:11.043000000,XCLS_WAREHOUSE_DEV,3,dbo.config,ScmRevision,a08debf63b29756dde3dba3ae1a6a5938d3eef3d,The build version (ie. 4791),,,,2015-08-25 23:03:11.043000000,XCLS,DEV,2015-08-25 23:03:11.043000000,2015-08-26 09:28:31.453000000,2015-08-26 09:28:58.903000000
4805,2015-08-06 19:02:01.443000000,XCLS_WAREHOUSE_DEV,4,dbo.config,coreRevision,v4.7.1,Source control revision for core repository,11,,,2015-08-06 19:02:01.443000000,XCLS,DEV,2015-08-06 19:02:01.443000000,2015-08-26 09:28:31.453000000,2015-08-26 09:28:58.903000000
4806,2015-08-25 17:59:53.400000000,BIDCO_WAREHOUSE_QA,3,dbo.config,ScmRevision,9871871970f8f4c21e5e414989f944420cdf3878,The build version (ie. 4791),,,,2015-08-25 17:59:53.400000000,BIDCO,QA,2015-08-25 17:59:53.400000000,2015-08-26 09:28:34.300000000,2015-08-26 09:28:58.903000000
4807,2015-07-30 17:45:37.270000000,BIDCO_WAREHOUSE_QA,4,dbo.config,coreRevision,v4.5.2,Source control revision for core repository,2,,,2015-07-30 17:45:37.270000000,BIDCO,QA,2015-07-30 17:45:37.270000000,2015-08-26 09:28:34.300000000,2015-08-26 09:28:58.903000000
4808,2015-08-20 14:19:10.960000000,AHP_WAREHOUSE_QA,3,dbo.config,ScmRevision,e1bc08107ad5ba6cec0b2bdc70abd672906bc9b2,The build version (ie. 4791),,,,2015-08-20 14:19:10.960000000,AHP,QA,2015-08-20 14:19:10.960000000,2015-08-26 09:28:36.887000000,2015-08-26 09:28:58.903000000
4809,2015-08-12 13:49:53.717000000,AHP_WAREHOUSE_QA,4,dbo.config,coreRevision,v4.7.1,Source control revision for core repository,11,,,2015-08-12 13:49:53.717000000,AHP,QA,2015-08-12 13:49:53.717000000,2015-08-26 09:28:36.887000000,2015-08-26 09:28:58.903000000
4810,2015-07-21 12:43:31.870000000,FDLS_WAREHOUSE_QA,3,dbo.config,ScmRevision,5a284a7fe0fa11c79dce3c7fb3375b85bf5df780,The build version (ie. 4791),,,,2015-07-21 12:43:31.870000000,FDLS,QA,2015-07-21 12:43:31.870000000,2015-08-26 09:28:38.820000000,2015-08-26 09:28:58.903000000
4811,2015-03-02 18:17:34.153000000,FDLS_WAREHOUSE_QA,4,dbo.config,coreRevision,v4.5.5-rc.1,Source control revision for core repository,3,,,2015-03-02 18:17:34.153000000,FDLS,QA,2015-03-02 18:17:34.153000000,2015-08-26 09:28:38.820000000,2015-08-26 09:28:58.903000000
4812,2015-08-25 14:57:43.623000000,FHN_WAREHOUSE_QA,3,dbo.config,ScmRevision,5b28e1188ae0903b56898286eb5f6f7314933080,The build version (ie. 4791),,,,2015-08-25 14:57:43.623000000,FHN,QA,2015-08-25 14:57:43.623000000,2015-08-26 09:28:41.527000000,2015-08-26 09:28:58.903000000
4813,2015-08-25 14:55:46.430000000,FHN_WAREHOUSE_QA,4,dbo.config,coreRevision,v4.7.3,Source control revision for core repository,13,,,2015-08-25 14:55:46.430000000,FHN,QA,2015-08-25 14:55:46.430000000,2015-08-26 09:28:41.527000000,2015-08-26 09:28:58.903000000
4814,2014-05-21 12:28:13.940000000,ONPOINT_WAREHOUSE_QA,3,dbo.config,ScmRevision,AZR,The build version (ie. 4791),,,,2014-05-21 12:28:13.940000000,ONPOINT,QA,2014-05-21 12:28:13.940000000,2015-08-26 09:28:43.733000000,2015-08-26 09:28:58.903000000
4815,2015-08-25 12:15:23.723000000,UCF_WAREHOUSE_QA,3,dbo.config,ScmRevision,862d412babad42e0ed47f63ecfae9009fd0fca92,The build version (ie. 4791),,,,2015-08-25 12:15:23.723000000,UCF,QA,2015-08-25 12:15:23.723000000,2015-08-26 09:28:46.437000000,2015-08-26 09:28:58.903000000
4816,2015-08-11 13:57:09.410000000,UCF_WAREHOUSE_QA,4,dbo.config,coreRevision,v4.7.1,Source control revision for core repository,11,,,2015-08-11 13:57:09.410000000,UCF,QA,2015-08-11 13:57:09.410000000,2015-08-26 09:28:46.437000000,2015-08-26 09:28:58.903000000
4817,2015-08-12 16:25:35.347000000,VCA_WAREHOUSE_QA,3,dbo.config,ScmRevision,8fc2cabe79206b79b13dafd820a2df7fb8940d46,The build version (ie. 4791),,,,2015-08-12 16:25:35.347000000,VCA,QA,2015-08-12 16:25:35.347000000,2015-08-26 09:28:48.773000000,2015-08-26 09:28:58.903000000
4818,2015-08-12 16:24:43.273000000,VCA_WAREHOUSE_QA,4,dbo.config,coreRevision,v4.7.2,Source control revision for core repository,12,,,2015-08-12 16:24:43.273000000,VCA,QA,2015-08-12 16:24:43.273000000,2015-08-26 09:28:48.773000000,2015-08-26 09:28:58.903000000
4819,2015-08-20 18:31:46.247000000,XCLS_WAREHOUSE_QA,3,dbo.config,ScmRevision,e77bd0f65492ae5b9cd84cc16deef48144acc36a,The build version (ie. 4791),,,,2015-08-20 18:31:46.247000000,XCLS,QA,2015-08-20 18:31:46.247000000,2015-08-26 09:28:50.923000000,2015-08-26 09:28:58.903000000
4820,2015-08-13 23:27:08.193000000,XCLS_WAREHOUSE_QA,4,dbo.config,coreRevision,v4.7.1,Source control revision for core repository,11,,,2015-08-13 23:27:08.193000000,XCLS,QA,2015-08-13 23:27:08.193000000,2015-08-26 09:28:50.923000000,2015-08-26 09:28:58.903000000
